series,alpha_ann,t_alpha,beta,R2
Mix 50/50 (net),0.316709,4.093522,0.006149,0.000456
Mix Equal-Vol (net),1.605329,4.044477,0.04108,0.000781
