cost_bps,Mix 50/50,Mix Equal-Vol
7,2.418506,2.412817
10,2.316227,2.315743
20,1.973697,1.990699
